ELBO loss,Accuracy,Epoch wall clock times
-468.958450177683,0.24275000393390656,36.770394056999066
