ELBO loss,Accuracy,Epoch wall clock times
-473.28083862828714,0.23306666314601898,36.00347394300479
